Saison,Équipes,Ligue,Salaire
2011-12,San Antonio Spurs,NBA,1731960
2012-13,San Antonio Spurs,NBA,1861920
2013-14,San Antonio Spurs,NBA,1887840
2014-15,San Antonio Spurs,NBA,2894059
2015-16,San Antonio Spurs,NBA,16500000
2016-17,San Antonio Spurs,NBA,17638063
2017-18,San Antonio Spurs,NBA,18868625
2018-19,Toronto Raptors,NBA,23114067
2019-20,Los Angeles Clippers,NBA,32742000
2020-21,Los Angeles Clippers,NBA,34379100
2021-22,Los Angeles Clippers,NBA,39344900
2022-23,Los Angeles Clippers,NBA,42492492
2023-24,Los Angeles Clippers,NBA,45640084
