Saison,Âge,Équipe,Ligue,Position,Matchs joués,Pourcentage de LF,3 Points,2 Points,Pourcentage de 2P,Pourcentage de 3P,Lancers Francs,Rebonds,Passes Décisives,Moyenne des Points,Récompenses
2011-12,20,SAS,NBA,SF,64,.773,0.6,2.5,.536,.376,1.1,5.1,1.1,7.9,ROY-4
2012-13,21,SAS,NBA,SF,58,.825,1.1,3.4,.554,.374,1.8,6.0,1.6,11.9,
2013-14,22,SAS,NBA,SF,66,.802,1.0,4.1,.579,.379,1.5,6.2,2.0,12.8,DPOY-11
2014-15,23,SAS,NBA,SF,64,.802,1.0,5.1,.519,.349,3.2,7.2,2.5,16.5,"MVP-10,DPOY-1"
2015-16,24,SAS,NBA,SF,72,.874,1.8,5.9,.528,.443,4.1,6.8,2.6,21.2,"MVP-2,DPOY-1,AS,NBA1"
2016-17,25,SAS,NBA,SF,74,.880,2.0,6.6,.529,.380,6.3,5.8,3.5,25.5,"MVP-3,DPOY-3,AS,NBA1"
2017-18,26,SAS,NBA,SF,9,.816,1.2,4.6,.539,.314,3.4,4.7,2.3,16.2,
2018-19,27,TOR,NBA,SF,60,.854,1.9,7.5,.542,.371,6.1,7.3,3.3,26.6,"MVP-9,DPOY-6,AS,NBA2"
2019-20,28,LAC,NBA,SF,57,.886,2.2,7.2,.506,.378,6.2,7.1,4.9,27.1,"MVP-5,DPOY-8,AS,NBA2"
2020-21,29,LAC,NBA,SF,52,.885,1.9,7.0,.557,.398,5.0,6.5,5.2,24.8,"MVP-13,AS,NBA1"
2021-22,Did not play - injury,Did not play - injury,Did not play - injury,Did not play - injury,Did not play - injury,Did not play - injury,Did not play - injury,Did not play - injury,Did not play - injury,Did not play - injury,Did not play - injury,Did not play - injury,Did not play - injury,Did not play - injury,Did not play - injury
2022-23,31,LAC,NBA,SF,52,.871,2.0,6.6,.551,.416,4.7,6.5,3.9,23.8,
2023-24,32,LAC,NBA,SF,68,.885,2.1,6.9,.569,.417,3.7,6.1,3.6,23.7,"AS,NBA2"
12 Yrs,12 Yrs,12 Yrs,12 Yrs,,696,.862,1.6,5.7,.541,.391,3.9,6.4,3.0,20.0,
