Catégories,Valeur,Minutes jouées,Points,Rebonds totaux,Passes décisives
Minutes,40+,43.3,30.3,8.0,7.7
Minutes,30-39,36.1,26.0,7.4,7.4
Minutes,20-29,27.8,21.3,6.0,6.7
Minutes,10-19,15.0,11.5,2.7,3.5
Opponent,Atlanta,38.3,27.6,8.0,7.4
Opponent,Boston,38.7,28.8,7.3,7.1
Opponent,"CHA, CHO",37.1,28.1,7.6,7.6
Opponent,Chicago,38.6,28.2,7.6,6.6
Opponent,Cleveland,36.7,28.3,7.3,7.1
Opponent,Dallas,37.6,27.2,8.0,7.0
Opponent,Denver,37.4,26.0,7.4,8.0
Opponent,Detroit,37.2,24.1,6.7,7.2
Opponent,Golden State,37.4,28.0,8.8,7.3
Opponent,Houston,37.1,25.4,7.0,6.9
Opponent,Indiana,38.7,27.0,7.6,6.7
Opponent,LA Clippers,38.0,25.2,7.9,6.9
Opponent,LA Lakers,39.3,27.6,7.8,7.3
Opponent,Memphis,37.0,26.0,7.7,7.9
Opponent,Miami,38.8,27.8,6.7,7.0
Opponent,Milwaukee,38.9,28.7,7.4,7.2
Opponent,Minnesota,37.3,25.4,8.0,7.4
Opponent,"BRK, NJN",37.6,27.8,7.3,7.6
Opponent,"NOH, NOK, NOP",38.1,26.9,6.7,8.2
Opponent,New York,38.2,26.5,7.3,7.3
Opponent,"OKC, SEA",37.8,27.8,7.3,7.2
Opponent,Orlando,38.2,25.6,7.2,7.3
Opponent,Philadelphia,38.1,27.1,7.2,8.0
Opponent,Phoenix,36.4,26.0,7.2,7.5
Opponent,Portland,38.0,29.0,8.9,7.4
Opponent,Sacramento,37.9,26.8,8.0,8.7
Opponent,San Antonio,37.2,27.3,7.7,7.8
Opponent,Toronto,38.2,26.9,7.1,7.9
Opponent,Utah,37.5,28.2,7.7,7.4
Opponent,Washington,38.0,27.3,7.5,7.4
