Saison,Équipes,Ligue,Salaire
2009-10,Golden State Warriors,NBA,2710560
2010-11,Golden State Warriors,NBA,2913840
2011-12,Golden State Warriors,NBA,3117120
2012-13,Golden State Warriors,NBA,3958742
2013-14,Golden State Warriors,NBA,9887642
2014-15,Golden State Warriors,NBA,10629213
2015-16,Golden State Warriors,NBA,11370786
2016-17,Golden State Warriors,NBA,12112359
2017-18,Golden State Warriors,NBA,34682550
2018-19,Golden State Warriors,NBA,37457154
2019-20,Golden State Warriors,NBA,40231758
2020-21,Golden State Warriors,NBA,43006362
2021-22,Golden State Warriors,NBA,45780966
2022-23,Golden State Warriors,NBA,48070014
2023-24,Golden State Warriors,NBA,51915615
