Catégories,Valeur,Minutes jouées,Points,Rebonds totaux,Passes décisives
Minutes,40+,43.2,27.7,5.1,7.5
Minutes,30-39,34.8,26.1,5.0,6.4
Minutes,20-29,27.6,19.5,3.8,5.9
Minutes,10-19,15.2,5.6,1.4,2.9
Minutes,0-9,5.5,3.2,0.8,0.5
Opponent,Atlanta,32.6,25.4,4.4,6.5
Opponent,Boston,33.4,23.4,4.3,5.4
Opponent,"CHA, CHO",35.7,26.0,4.2,6.8
Opponent,Chicago,33.6,22.6,5.0,5.6
Opponent,Cleveland,34.3,26.3,4.3,6.0
Opponent,Dallas,34.0,23.6,4.5,6.7
Opponent,Denver,34.6,23.9,4.4,5.8
Opponent,Detroit,34.3,24.2,4.5,6.3
Opponent,Houston,34.8,24.8,4.7,6.8
Opponent,Indiana,32.9,22.8,4.8,6.9
Opponent,LA Clippers,33.7,25.5,4.8,5.9
Opponent,LA Lakers,33.5,22.6,4.9,7.1
Opponent,Memphis,34.2,25.2,5.1,6.3
Opponent,Miami,36.1,24.2,5.2,6.7
Opponent,Milwaukee,34.2,21.0,4.5,5.8
Opponent,Minnesota,35.0,26.2,5.2,7.1
Opponent,"BRK, NJN",34.7,26.2,4.6,5.4
Opponent,"NOH, NOP",34.4,26.5,4.4,7.0
Opponent,New York,33.5,25.7,5.5,5.9
Opponent,Oklahoma City,35.2,26.9,5.3,6.6
Opponent,Orlando,35.2,26.5,4.9,7.2
Opponent,Philadelphia,34.0,23.6,4.8,6.2
Opponent,Phoenix,33.2,22.9,4.5,6.1
Opponent,Portland,34.3,26.8,4.6,6.5
Opponent,Sacramento,34.8,24.7,5.2,6.9
Opponent,San Antonio,31.8,22.0,4.4,5.8
Opponent,Toronto,36.1,26.2,4.5,7.7
Opponent,Utah,34.1,23.3,4.3,6.6
Opponent,Washington,33.1,28.6,4.5,5.3
