Catégories,Valeur,Minutes jouées,Points,Rebonds totaux,Passes décisives
Minutes,40+,42.2,35.4,10.3,10.5
Minutes,30-39,35.5,28.9,8.8,8.4
Minutes,20-29,27.0,22.3,6.7,6.1
Minutes,10-19,12.9,15.5,5.0,1.5
Minutes,0-9,2.5,1.0,1.0,0.0
Opponent,Atlanta,37.1,28.6,9.1,8.0
Opponent,Boston,35.2,29.9,8.8,7.5
Opponent,Charlotte,34.1,29.5,9.7,7.7
Opponent,Chicago,33.2,23.1,8.5,9.7
Opponent,Cleveland,32.8,30.7,8.5,9.0
Opponent,Denver,36.3,27.1,8.3,9.7
Opponent,Detroit,35.3,36.1,8.5,9.8
Opponent,Golden State,33.6,30.2,8.2,8.2
Opponent,Houston,36.4,31.4,10.1,7.7
Opponent,Indiana,34.8,28.2,8.2,8.9
Opponent,LA Clippers,36.9,32.6,8.3,7.4
Opponent,LA Lakers,36.2,26.2,8.8,8.9
Opponent,Memphis,34.0,26.9,8.4,6.8
Opponent,Miami,33.5,25.5,8.9,7.3
Opponent,Milwaukee,36.2,29.6,8.4,11.1
Opponent,Minnesota,33.7,24.8,7.7,7.4
Opponent,New Jersey,36.3,31.4,9.5,7.4
Opponent,New Orleans,32.1,28.4,8.2,7.7
Opponent,New York,35.9,30.4,10.1,8.6
Opponent,Oklahoma City,35.4,27.1,9.0,8.5
Opponent,Orlando,34.9,28.8,8.2,7.8
Opponent,Philadelphia,35.0,25.7,7.7,8.2
Opponent,Phoenix,33.2,28.9,7.4,6.8
Opponent,Portland,34.7,31.2,8.4,8.4
Opponent,Sacramento,36.3,27.4,10.1,8.8
Opponent,San Antonio,34.9,28.7,8.7,9.3
Opponent,Toronto,37.3,28.0,9.9,9.2
Opponent,Utah,34.7,27.1,8.0,7.8
Opponent,Washington,35.5,29.2,9.2,8.5
