Saison,Équipes,Ligue,Salaire
2007-08,Seattle SuperSonics,NBA,4171200
2008-09,Oklahoma City Thunder,NBA,4484040
2009-10,Oklahoma City Thunder,NBA,4796880
2010-11,Oklahoma City Thunder,NBA,6053663
2011-12,Oklahoma City Thunder,NBA,15506632
2012-13,Oklahoma City Thunder,NBA,16669630
2013-14,Oklahoma City Thunder,NBA,17832627
2014-15,Oklahoma City Thunder,NBA,18995624
2015-16,Oklahoma City Thunder,NBA,20158622
2016-17,Golden State Warriors,NBA,26540100
2017-18,Golden State Warriors,NBA,25000000
2018-19,Golden State Warriors,NBA,30000000
2019-20,Brooklyn Nets,NBA,37199000
2020-21,Brooklyn Nets,NBA,39058950
2021-22,Brooklyn Nets,NBA,40918900
2022-23,Phoenix Suns,NBA,44119845
2023-24,Phoenix Suns,NBA,47649433
