Catégories,Valeur,Minutes jouées,Points,Rebonds totaux,Passes décisives
Minutes,40+,42.9,31.7,8.0,4.4
Minutes,30-39,36.0,26.8,7.0,4.4
Minutes,20-29,27.9,20.4,5.3,4.2
Minutes,10-19,16.9,13.7,3.8,3.5
Minutes,0-9,4.4,4.7,1.0,0.0
Opponent,Atlanta,38.7,29.5,7.1,4.6
Opponent,Boston,36.3,26.8,5.9,3.9
Opponent,"CHA, CHO",35.3,24.5,6.1,4.7
Opponent,Chicago,35.6,26.5,7.4,4.9
Opponent,Cleveland,36.4,27.2,6.9,5.0
Opponent,Dallas,37.4,25.2,7.2,4.2
Opponent,Denver,36.5,28.7,6.5,4.6
Opponent,Detroit,37.4,29.7,7.3,4.6
Opponent,Golden State,37.9,29.1,8.6,4.8
Opponent,Houston,37.8,26.4,7.0,4.0
Opponent,Indiana,36.4,29.0,7.2,4.7
Opponent,LA Clippers,37.9,27.5,7.4,4.4
Opponent,LA Lakers,36.7,27.5,6.6,4.7
Opponent,Memphis,37.4,27.2,7.4,4.0
Opponent,Miami,36.3,26.8,6.8,3.9
Opponent,Milwaukee,36.2,25.4,7.2,4.9
Opponent,Minnesota,36.6,26.9,7.3,4.2
Opponent,"BRK, NJN",37.1,26.6,6.4,4.4
Opponent,"NOH, NOP",35.9,26.2,6.8,4.1
Opponent,New York,37.1,29.5,7.2,5.8
Opponent,"OKC, SEA",34.0,30.7,7.9,3.1
Opponent,Orlando,36.0,27.5,6.6,4.7
Opponent,Philadelphia,36.5,27.6,7.7,4.3
Opponent,Phoenix,36.5,27.1,6.4,3.5
Opponent,Portland,37.3,27.8,7.0,3.8
Opponent,Sacramento,36.8,27.8,7.1,4.3
Opponent,San Antonio,36.9,25.0,7.2,4.2
Opponent,Toronto,36.5,26.4,7.0,4.6
Opponent,Utah,35.9,26.5,6.5,4.2
Opponent,Washington,35.2,28.1,7.2,4.5
