Date,Adversaire,Résultat,Titulaire,Minutes jouées,Tirs réussis,3 points,3 points %,Lancers francs,Lancers francs %,Passes décisives,Points
2023-10-25,BRK,W (+1),1,35:44,11,4,.400,1,1.000,6,27
2023-10-27,OKC,L (-3),1,42:09,15,4,.364,9,.818,5,43
2023-10-28,IND,L (-12),Inactive,Inactive,Inactive,Inactive,Inactive,Inactive,Inactive,Inactive,Inactive
2023-10-31,NYK,L (-18),1,28:47,11,0,.000,4,1.000,3,26
2023-11-01,NYK,W (+6),1,36:44,9,6,.400,6,1.000,4,30
2023-11-03,IND,L (-5),1,36:39,13,4,.571,8,.800,9,38
2023-11-05,GSW,W (+11),1,34:02,11,5,.455,4,1.000,7,31
2023-11-08,OKC,L (-8),1,37:15,8,1,.111,3,1.000,5,20
2023-11-11,GSW,W (+8),1,36:06,7,2,.333,5,.833,5,21
2023-11-13,SAC,L (-12),1,38:09,7,4,.444,4,1.000,5,22
2023-11-15,POR,W (+14),1,36:20,13,5,.625,3,.750,4,34
2023-11-17,DET,W (+8),Inactive,Inactive,Inactive,Inactive,Inactive,Inactive,Inactive,Inactive,Inactive
2023-11-19,DEN,W (+12),Inactive,Inactive,Inactive,Inactive,Inactive,Inactive,Inactive,Inactive,Inactive
2023-11-21,PHI,W (+3),Inactive,Inactive,Inactive,Inactive,Inactive,Inactive,Inactive,Inactive,Inactive
2023-11-22,MIA,L (-33),Inactive,Inactive,Inactive,Inactive,Inactive,Inactive,Inactive,Inactive,Inactive
2023-11-25,LAL,L (-6),1,34:58,4,2,.333,12,.923,6,22
2023-11-26,TOR,W (+3),1,33:46,4,0,.000,2,.667,4,10
2023-11-28,ATL,W (+23),1,35:02,14,3,.273,9,1.000,5,40
2023-11-30,POR,L (-8),1,33:30,7,1,.111,8,1.000,6,23
2023-12-02,DET,W (+9),1,32:54,7,2,.400,4,.800,4,20
2023-12-06,ORL,W (+10),1,37:02,12,5,.500,6,.667,6,35
2023-12-08,MIA,W (+12),1,36:05,9,3,.375,6,.750,6,27
2023-12-11,ORL,L (-10),1,36:53,6,2,.200,8,.889,3,22
2023-12-12,BOS,L (-7),1,35:08,11,5,.385,2,1.000,3,29
2023-12-14,BOS,L (-9),1,39:49,12,2,.250,5,1.000,6,31
2023-12-16,ATL,W (+8),1,40:52,7,4,.444,4,1.000,13,22
2023-12-18,HOU,W (+5),1,45:25,14,4,.364,5,1.000,6,37
2023-12-20,UTA,W (+8),Inactive,Inactive,Inactive,Inactive,Inactive,Inactive,Inactive,Inactive,Inactive
2023-12-21,NOP,L (-19),Inactive,Inactive,Inactive,Inactive,Inactive,Inactive,Inactive,Inactive,Inactive
2023-12-23,CHI,W (+14),Inactive,Inactive,Inactive,Inactive,Inactive,Inactive,Inactive,Inactive,Inactive
2023-12-27,DAL,W (+3),Inactive,Inactive,Inactive,Inactive,Inactive,Inactive,Inactive,Inactive,Inactive
2023-12-29,MIL,L (-8),1,36:02,14,2,.200,4,1.000,9,34
2024-01-01,TOR,L (-3),1,37:59,8,4,.444,6,1.000,7,26
2024-01-03,WAS,W (+39),1,24:15,6,4,.444,6,1.000,4,22
2024-01-05,WAS,W (+24),1,25:31,8,5,.625,5,.625,4,26
2024-01-07,SAS,W (+2),1,36:52,7,1,.100,2,.500,9,17
2024-01-11,BRK,W (+9),1,40:37,15,4,.333,11,.846,6,45
2024-01-15,CHI,W (+18),1,36:30,11,4,.400,8,1.000,7,34
2024-01-17,MIL,W (+40),1,25:53,12,4,.500,3,.750,7,31
2024-01-20,ATL,W (+21),1,35:43,6,0,.000,6,1.000,8,18
2024-01-22,ORL,W (+27),1,30:01,9,3,.375,4,1.000,13,25
2024-01-24,MIL,L (-10),1,39:19,10,2,.182,1,.250,8,23
2024-01-26,MIL,W (+12),1,36:32,12,6,.500,2,.500,6,32
2024-01-29,LAC,W (+10),1,38:44,11,2,.200,4,.667,12,28
2024-01-31,DET,W (+7),1,35:21,14,6,.462,11,.917,8,45
2024-02-01,MEM,W (+7),1,33:23,10,3,.333,2,.500,7,25
2024-02-03,SAS,W (+16),1,35:28,12,4,.444,3,1.000,7,31
2024-02-05,SAC,W (+26),1,32:53,11,5,.455,2,1.000,5,29
2024-02-07,WAS,W (+8),1,37:34,14,5,.500,7,1.000,5,40
2024-02-08,BRK,W (+23),1,30:05,10,4,.400,3,1.000,4,27
2024-02-10,TOR,W (+24),1,31:27,5,3,.500,2,1.000,6,15
2024-02-12,PHI,L (-2),1,37:22,9,4,.444,14,.824,6,36
2024-02-14,CHI,W (+3),1,38:52,8,2,.250,12,.923,7,30
2024-02-22,ORL,L (-7),Inactive,Inactive,Inactive,Inactive,Inactive,Inactive,Inactive,Inactive,Inactive
2024-02-23,PHI,L (-7),Inactive,Inactive,Inactive,Inactive,Inactive,Inactive,Inactive,Inactive,Inactive
2024-02-25,WAS,W (+9),1,36:18,4,3,.500,5,1.000,5,16
2024-02-27,DAL,W (+2),1,38:09,11,7,.636,2,.667,6,31
2024-02-28,CHI,L (-9),1,44:24,5,4,.444,5,.714,3,19
2024-03-01,DET,W (+10),Did Not Dress,Did Not Dress,Did Not Dress,Did Not Dress,Did Not Dress,Did Not Dress,Did Not Dress,Did Not Dress,Did Not Dress
2024-03-03,NYK,L (-9),Inactive,Inactive,Inactive,Inactive,Inactive,Inactive,Inactive,Inactive,Inactive
2024-03-05,BOS,W (+1),Inactive,Inactive,Inactive,Inactive,Inactive,Inactive,Inactive,Inactive,Inactive
2024-03-06,ATL,L (-11),Inactive,Inactive,Inactive,Inactive,Inactive,Inactive,Inactive,Inactive,Inactive
2024-03-08,MIN,W (+9),Inactive,Inactive,Inactive,Inactive,Inactive,Inactive,Inactive,Inactive,Inactive
2024-03-10,BRK,L (-19),Inactive,Inactive,Inactive,Inactive,Inactive,Inactive,Inactive,Inactive,Inactive
2024-03-11,PHO,L (-6),Inactive,Inactive,Inactive,Inactive,Inactive,Inactive,Inactive,Inactive,Inactive
2024-03-13,NOP,W (+21),1,27:53,5,4,.444,0,,5,14
2024-03-16,HOU,L (-14),1,25:44,4,3,.375,2,1.000,2,13
2024-03-18,IND,W (+5),Inactive,Inactive,Inactive,Inactive,Inactive,Inactive,Inactive,Inactive,Inactive
2024-03-20,MIA,L (-3),Inactive,Inactive,Inactive,Inactive,Inactive,Inactive,Inactive,Inactive,Inactive
2024-03-22,MIN,L (-13),Inactive,Inactive,Inactive,Inactive,Inactive,Inactive,Inactive,Inactive,Inactive
2024-03-24,MIA,L (-37),Inactive,Inactive,Inactive,Inactive,Inactive,Inactive,Inactive,Inactive,Inactive
2024-03-25,CHO,W (+23),Inactive,Inactive,Inactive,Inactive,Inactive,Inactive,Inactive,Inactive,Inactive
2024-03-27,CHO,L (-7),Inactive,Inactive,Inactive,Inactive,Inactive,Inactive,Inactive,Inactive,Inactive
2024-03-29,PHI,W (+3),1,32:17,4,1,.143,3,1.000,8,12
2024-03-31,DEN,L (-29),1,30:53,3,2,.333,5,1.000,6,13
2024-04-02,UTA,W (+16),Inactive,Inactive,Inactive,Inactive,Inactive,Inactive,Inactive,Inactive,Inactive
2024-04-03,PHO,L (-21),1,37:54,8,2,.286,6,1.000,2,24
2024-04-06,LAL,L (-19),1,38:06,4,2,.222,0,.000,7,10
2024-04-07,LAC,L (-2),Inactive,Inactive,Inactive,Inactive,Inactive,Inactive,Inactive,Inactive,Inactive
2024-04-10,MEM,W (+12),1,33:36,9,5,.500,6,.857,8,29
2024-04-12,IND,W (+9),1,37:33,12,4,.400,5,1.000,5,33
2024-04-14,CHO,L (-10),Inactive,Inactive,Inactive,Inactive,Inactive,Inactive,Inactive,Inactive,Inactive
