Catégories,Valeur,Minutes jouées,Points,Rebonds totaux,Passes décisives
Minutes,40+,42.9,34.8,5.5,5.3
Minutes,30-39,35.2,25.4,4.4,4.8
Minutes,20-29,25.9,18.5,3.4,3.8
Minutes,10-19,15.3,6.2,1.8,1.8
Opponent,Atlanta,35.2,25.1,5.0,5.4
Opponent,Boston,37.9,30.2,4.7,4.8
Opponent,Charlotte,34.9,24.2,4.3,5.5
Opponent,Chicago,35.7,29.4,5.8,5.8
Opponent,Cleveland,32.7,23.8,3.7,4.2
Opponent,Dallas,34.0,22.7,4.4,4.4
Opponent,Denver,34.7,20.8,4.1,4.7
Opponent,Detroit,34.7,25.5,4.4,3.5
Opponent,Golden State,32.5,22.3,5.0,4.8
Opponent,Houston,33.6,23.9,4.1,4.9
Opponent,Indiana,34.4,27.4,3.3,4.6
Opponent,LA Clippers,33.7,25.8,3.4,5.4
Opponent,LA Lakers,33.5,23.8,4.8,5.1
Opponent,Memphis,34.7,21.4,4.6,5.0
Opponent,Miami,34.9,22.5,4.0,4.4
Opponent,Milwaukee,35.1,27.1,4.2,5.0
Opponent,Minnesota,34.7,24.2,4.1,4.6
Opponent,New Jersey,33.3,27.2,4.7,4.0
Opponent,New Orleans,32.6,23.4,4.0,4.2
Opponent,New York,34.4,24.9,4.5,5.5
Opponent,Oklahoma City,34.8,23.1,4.5,4.4
Opponent,Orlando,33.7,26.1,4.1,4.6
Opponent,Philadelphia,34.2,22.3,4.3,4.7
Opponent,Phoenix,33.7,24.2,4.3,3.9
Opponent,Portland,32.9,24.7,4.5,4.1
Opponent,Sacramento,34.5,28.1,3.6,4.2
Opponent,San Antonio,33.2,24.9,4.1,4.5
Opponent,Toronto,32.8,20.8,3.6,3.7
Opponent,Utah,29.4,34.5,3.5,3.5
Opponent,Washington,32.5,27.6,4.2,4.3
