Catégories,Valeur,Minutes jouées,Points,Rebonds totaux,Passes décisives
Minutes,40+,42.0,30.7,4.8,6.4
Minutes,30-39,35.6,25.6,4.2,5.4
Minutes,20-29,27.0,18.1,3.6,3.5
Minutes,10-19,15.6,7.4,1.1,0.9
Minutes,0-9,5.8,2.5,0.5,0.6
Opponent,Atlanta,35.6,27.7,4.0,4.4
Opponent,Boston,34.8,26.5,4.9,5.1
Opponent,Charlotte,32.7,22.6,4.5,5.8
Opponent,Chicago,34.2,27.1,3.9,4.6
Opponent,Cleveland,36.6,26.4,3.9,6.6
Opponent,Dallas,33.1,24.4,3.9,4.7
Opponent,Denver,32.3,21.2,2.8,5.0
Opponent,Detroit,31.2,22.2,3.3,3.3
Opponent,Golden State,34.3,22.9,3.5,5.4
Opponent,Houston,35.2,25.5,4.4,5.6
Opponent,Indiana,32.5,22.1,3.8,5.1
Opponent,LA Clippers,34.3,21.1,3.1,5.0
Opponent,LA Lakers,33.2,23.6,4.4,5.1
Opponent,Memphis,34.7,25.6,3.5,4.8
Opponent,Miami,35.0,23.3,4.4,5.7
Opponent,Milwaukee,37.2,23.9,4.5,5.4
Opponent,Minnesota,34.3,24.7,4.3,5.7
Opponent,New Jersey,33.2,22.9,3.4,4.3
Opponent,New Orleans,34.0,26.0,4.5,5.0
Opponent,New York,34.6,27.8,3.2,3.8
Opponent,Oklahoma City,33.7,25.1,4.3,5.3
Opponent,Orlando,33.7,20.2,4.2,4.7
Opponent,Philadelphia,34.4,28.0,4.4,4.9
Opponent,Portland,33.8,24.5,4.5,4.9
Opponent,Sacramento,35.2,25.3,4.1,5.8
Opponent,San Antonio,33.4,24.2,4.3,5.1
Opponent,Toronto,36.0,20.2,4.2,5.4
Opponent,Utah,34.3,25.4,4.3,4.4
Opponent,Washington,34.3,24.9,3.9,4.9
