Catégories,Valeur,Minutes jouées,Points,Rebonds totaux,Passes décisives
Minutes,40+,42.1,34.1,13.6,8.4
Minutes,30-39,34.8,24.6,12.1,8.0
Minutes,20-29,26.0,15.2,9.1,5.7
Minutes,10-19,16.6,7.7,5.0,2.4
Minutes,0-9,3.9,1.0,1.6,0.2
Opponent,Atlanta,30.7,20.1,11.1,6.8
Opponent,Boston,31.7,22.8,10.5,6.9
Opponent,Charlotte,32.0,21.3,13.5,7.2
Opponent,Chicago,27.6,17.8,10.3,7.7
Opponent,Cleveland,31.6,19.3,11.5,7.7
Opponent,Dallas,31.0,19.4,11.8,6.8
Opponent,Detroit,29.3,19.6,8.8,6.8
Opponent,Golden State,31.0,20.3,10.7,7.0
Opponent,Houston,28.9,20.7,11.2,6.9
Opponent,Indiana,32.0,25.5,9.9,5.9
Opponent,LA Clippers,31.6,22.4,11.4,6.5
Opponent,LA Lakers,31.4,20.7,10.5,6.6
Opponent,Memphis,31.7,20.1,10.8,5.8
Opponent,Miami,33.5,20.2,11.2,6.7
Opponent,Milwaukee,31.9,22.1,10.1,8.7
Opponent,Minnesota,32.6,22.1,10.7,6.7
Opponent,New Jersey,31.0,23.5,12.1,7.1
Opponent,New Orleans,30.5,22.5,10.4,7.8
Opponent,New York,30.6,23.0,10.3,6.1
Opponent,Oklahoma City,32.2,21.2,10.8,7.2
Opponent,Orlando,32.5,19.1,10.1,8.5
Opponent,Philadelphia,33.6,22.8,11.4,7.4
Opponent,Phoenix,32.6,20.8,10.8,6.9
Opponent,Portland,30.5,20.4,10.0,6.8
Opponent,Sacramento,31.7,19.5,10.8,7.4
Opponent,San Antonio,32.6,24.4,9.9,7.6
Opponent,Toronto,31.6,21.9,11.6,6.5
Opponent,Utah,30.9,20.0,10.3,7.2
Opponent,Washington,31.5,25.2,12.0,6.7
