Catégories,Valeur,Minutes jouées,Points,Rebonds totaux,Passes décisives
Minutes,40+,42.3,31.8,9.7,4.8
Minutes,30-39,35.3,23.8,7.3,3.8
Minutes,20-29,27.1,17.2,5.6,2.5
Minutes,10-19,18.5,15.3,2.8,2.8
Minutes,0-9,7.7,2.5,1.0,0.5
Opponent,Atlanta,34.7,24.9,7.0,4.3
Opponent,Charlotte,33.8,27.2,7.0,3.4
Opponent,Chicago,33.3,20.9,7.4,4.2
Opponent,Cleveland,35.0,23.9,7.7,3.4
Opponent,Dallas,36.7,24.5,9.1,3.2
Opponent,Denver,34.3,21.4,5.9,5.0
Opponent,Detroit,34.3,24.9,6.3,4.3
Opponent,Golden State,34.9,23.1,7.5,3.0
Opponent,Houston,34.4,22.1,7.1,3.3
Opponent,Indiana,35.7,24.8,7.5,3.6
Opponent,LA Clippers,35.6,23.8,7.8,2.3
Opponent,LA Lakers,33.8,24.4,7.1,3.5
Opponent,Memphis,31.6,21.1,7.1,3.9
Opponent,Miami,35.5,22.6,7.7,3.8
Opponent,Milwaukee,34.8,22.9,7.0,3.3
Opponent,Minnesota,34.8,26.1,7.2,2.8
Opponent,New Jersey,33.9,24.5,7.5,3.3
Opponent,New Orleans,35.2,26.7,7.6,4.0
Opponent,New York,35.5,23.5,6.9,4.1
Opponent,Oklahoma City,34.5,24.6,7.8,3.2
Opponent,Orlando,32.1,20.1,6.5,3.1
Opponent,Philadelphia,34.1,20.1,8.4,4.0
Opponent,Phoenix,33.5,21.1,7.5,3.4
Opponent,Portland,35.5,27.2,6.4,4.1
Opponent,Sacramento,32.4,22.3,5.9,3.8
Opponent,San Antonio,35.6,23.6,7.8,2.3
Opponent,Toronto,33.3,18.8,7.5,4.0
Opponent,Utah,33.1,24.4,5.9,3.3
Opponent,Washington,33.6,23.0,6.9,3.9
