Saison,Âge,Équipe,Ligue,Position,Matchs joués,Pourcentage de LF,3 Points,2 Points,Pourcentage de 2P,Pourcentage de 3P,Lancers Francs,Rebonds,Passes Décisives,Moyenne des Points,Récompenses
2017-18,19,BOS,NBA,SF,80,0.826,1.3,3.7,0.492,0.434,2.7,5.0,1.6,13.9,ROY-3
2018-19,20,BOS,NBA,SF,79,0.855,1.5,4.4,0.483,0.373,2.5,6.0,2.1,15.7,
2019-20,21,BOS,NBA,PF,66,0.812,2.9,5.5,0.48,0.403,3.8,7.0,3.0,23.4,"MVP-12,AS,NBA3"
2020-21,22,BOS,NBA,SF,64,0.868,2.9,6.5,0.502,0.386,4.6,7.4,4.3,26.4,AS
2021-22,23,BOS,NBA,SF,76,0.853,3.0,6.3,0.524,0.353,5.3,8.0,4.4,26.9,"MVP-6,AS,NBA1"
2022-23,24,BOS,NBA,SF,74,0.854,3.2,6.6,0.558,0.35,7.2,8.8,4.6,30.1,"MVP-4,CPOY-10,AS,NBA1"
2023-24,25,BOS,NBA,PF,74,0.833,3.1,6.0,0.542,0.376,5.6,8.1,4.9,26.9,"MVP-6,CPOY-9,AS,NBA1"
2024-25,26,BOS,NBA,PF,23,0.8,3.8,5.3,0.55,0.364,6.1,8.9,5.7,28.2,
