Date,Adversaire,Résultat,Titulaire,Minutes jouées,Tirs réussis,3 points,3 points %,Lancers francs,Lancers francs %,Passes décisives,Points
2023-10-25,NOP,L (-7),0,15:53,3,2,.500,0,,3,8
2023-10-27,DEN,L (-4),0,21:54,6,2,.667,2,1.000,3,16
2023-10-28,WAS,L (-7),0,18:28,3,1,.500,0,,5,7
2023-10-30,DAL,L (-15),0,14:16,0,0,.000,1,.500,0,1
2023-11-01,UTA,L (-24),Inactive,Inactive,Inactive,Inactive,Inactive,Inactive,Inactive,Inactive,Inactive
2023-11-03,POR,L (-2),Inactive,Inactive,Inactive,Inactive,Inactive,Inactive,Inactive,Inactive,Inactive
2023-11-05,POR,W (+12),Inactive,Inactive,Inactive,Inactive,Inactive,Inactive,Inactive,Inactive,Inactive
2023-11-08,MIA,L (-6),Inactive,Inactive,Inactive,Inactive,Inactive,Inactive,Inactive,Inactive,Inactive
2023-11-10,UTA,L (-6),Inactive,Inactive,Inactive,Inactive,Inactive,Inactive,Inactive,Inactive,Inactive
2023-11-12,LAC,W (+4),Inactive,Inactive,Inactive,Inactive,Inactive,Inactive,Inactive,Inactive,Inactive
2023-11-14,LAL,L (-27),Inactive,Inactive,Inactive,Inactive,Inactive,Inactive,Inactive,Inactive,Inactive
2023-11-18,SAS,W (+12),0,14:15,3,1,1.000,2,.667,1,9
2023-11-19,BOS,L (-2),Inactive,Inactive,Inactive,Inactive,Inactive,Inactive,Inactive,Inactive,Inactive
2023-11-22,HOU,L (-20),0,16:16,1,1,.500,4,1.000,2,7
2023-11-24,PHO,L (-21),0,21:34,8,1,1.000,0,,1,17
2023-11-26,MIN,L (-22),0,19:40,5,0,.000,2,1.000,4,12
2023-11-29,UTA,W (+14),1,26:58,7,0,.000,0,,9,14
2023-12-01,DAL,W (+14),1,20:24,3,0,.000,0,,3,6
2023-12-02,PHO,L (-7),Inactive,Inactive,Inactive,Inactive,Inactive,Inactive,Inactive,Inactive,Inactive
2023-12-06,DET,W (+14),1,15:29,2,0,.000,0,,2,4
2023-12-08,MIN,L (-24),1,22:00,2,0,.000,2,1.000,7,6
2023-12-11,DAL,L (-7),1,17:10,2,1,.333,2,1.000,4,7
2023-12-13,HOU,L (-13),1,30:42,7,1,.250,4,1.000,6,19
2023-12-15,HOU,L (-7),1,8:39,1,1,.500,0,,2,3
2023-12-18,OKC,L (-19),Inactive,Inactive,Inactive,Inactive,Inactive,Inactive,Inactive,Inactive,Inactive
2023-12-19,NOP,W (+2),Did Not Play,Did Not Play,Did Not Play,Did Not Play,Did Not Play,Did Not Play,Did Not Play,Did Not Play,Did Not Play
2023-12-21,IND,W (+13),Did Not Play,Did Not Play,Did Not Play,Did Not Play,Did Not Play,Did Not Play,Did Not Play,Did Not Play,Did Not Play
2023-12-23,ATL,W (+6),Inactive,Inactive,Inactive,Inactive,Inactive,Inactive,Inactive,Inactive,Inactive
2023-12-26,NOP,W (+1),Inactive,Inactive,Inactive,Inactive,Inactive,Inactive,Inactive,Inactive,Inactive
2023-12-28,DEN,L (-37),Inactive,Inactive,Inactive,Inactive,Inactive,Inactive,Inactive,Inactive,Inactive
2023-12-29,LAC,L (-11),Inactive,Inactive,Inactive,Inactive,Inactive,Inactive,Inactive,Inactive,Inactive
2023-12-31,SAC,L (-31),0,12:14,1,0,,0,,3,2
2024-01-02,SAS,W (+8),0,8:37,2,0,.000,0,,2,4
2024-01-03,TOR,L (-5),Did Not Play,Did Not Play,Did Not Play,Did Not Play,Did Not Play,Did Not Play,Did Not Play,Did Not Play,Did Not Play
2024-01-05,LAL,W (+14),Did Not Dress,Did Not Dress,Did Not Dress,Did Not Dress,Did Not Dress,Did Not Dress,Did Not Dress,Did Not Dress,Did Not Dress
2024-01-07,PHO,W (+6),Did Not Dress,Did Not Dress,Did Not Dress,Did Not Dress,Did Not Dress,Did Not Dress,Did Not Dress,Did Not Dress,Did Not Dress
2024-01-09,DAL,W (+17),Inactive,Inactive,Inactive,Inactive,Inactive,Inactive,Inactive,Inactive,Inactive
2024-01-12,LAC,L (-9),Inactive,Inactive,Inactive,Inactive,Inactive,Inactive,Inactive,Inactive,Inactive
2024-01-13,NYK,L (-12),Inactive,Inactive,Inactive,Inactive,Inactive,Inactive,Inactive,Inactive,Inactive
2024-01-15,GSW,W (+9),Did Not Play,Did Not Play,Did Not Play,Did Not Play,Did Not Play,Did Not Play,Did Not Play,Did Not Play,Did Not Play
2024-01-18,MIN,L (-15),Did Not Dress,Did Not Dress,Did Not Dress,Did Not Dress,Did Not Dress,Did Not Dress,Did Not Dress,Did Not Dress,Did Not Dress
2024-01-20,CHI,L (-29),Inactive,Inactive,Inactive,Inactive,Inactive,Inactive,Inactive,Inactive,Inactive
2024-01-22,TOR,W (+8),Did Not Dress,Did Not Dress,Did Not Dress,Did Not Dress,Did Not Dress,Did Not Dress,Did Not Dress,Did Not Dress,Did Not Dress
2024-01-24,MIA,W (+9),Did Not Dress,Did Not Dress,Did Not Dress,Did Not Dress,Did Not Dress,Did Not Dress,Did Not Dress,Did Not Dress,Did Not Dress
2024-01-26,ORL,W (+1),Did Not Dress,Did Not Dress,Did Not Dress,Did Not Dress,Did Not Dress,Did Not Dress,Did Not Dress,Did Not Dress,Did Not Dress
2024-01-28,IND,L (-6),Did Not Dress,Did Not Dress,Did Not Dress,Did Not Dress,Did Not Dress,Did Not Dress,Did Not Dress,Did Not Dress,Did Not Dress
2024-01-29,SAC,L (-9),Did Not Play,Did Not Play,Did Not Play,Did Not Play,Did Not Play,Did Not Play,Did Not Play,Did Not Play,Did Not Play
2024-02-01,CLE,L (-7),Inactive,Inactive,Inactive,Inactive,Inactive,Inactive,Inactive,Inactive,Inactive
2024-02-02,GSW,L (-20),0,15:40,5,1,.333,1,1.000,4,12
2024-02-04,BOS,L (-40),Did Not Dress,Did Not Dress,Did Not Dress,Did Not Dress,Did Not Dress,Did Not Dress,Did Not Dress,Did Not Dress,Did Not Dress
2024-02-06,NYK,L (-10),0,11:48,2,1,1.000,2,1.000,2,7
2024-02-08,CHI,L (-8),Did Not Dress,Did Not Dress,Did Not Dress,Did Not Dress,Did Not Dress,Did Not Dress,Did Not Dress,Did Not Dress,Did Not Dress
2024-02-10,CHO,L (-9),0,16:00,4,2,1.000,0,,5,10
2024-02-12,NOP,L (-9),Did Not Dress,Did Not Dress,Did Not Dress,Did Not Dress,Did Not Dress,Did Not Dress,Did Not Dress,Did Not Dress,Did Not Dress
2024-02-14,HOU,W (+8),0,16:10,3,0,.000,2,.667,3,8
2024-02-15,MIL,W (+3),Did Not Play,Did Not Play,Did Not Play,Did Not Play,Did Not Play,Did Not Play,Did Not Play,Did Not Play,Did Not Play
2024-02-23,LAC,L (-6),0,14:15,2,0,,0,,2,4
2024-02-26,BRK,L (-25),0,15:16,3,0,.000,0,,4,6
2024-02-28,MIN,L (-9),0,5:41,1,0,,0,,1,2
2024-03-01,POR,L (-30),Inactive,Inactive,Inactive,Inactive,Inactive,Inactive,Inactive,Inactive,Inactive
2024-03-02,POR,L (-7),Inactive,Inactive,Inactive,Inactive,Inactive,Inactive,Inactive,Inactive,Inactive
2024-03-04,BRK,W (+4),Inactive,Inactive,Inactive,Inactive,Inactive,Inactive,Inactive,Inactive,Inactive
2024-03-06,PHI,W (+6),Inactive,Inactive,Inactive,Inactive,Inactive,Inactive,Inactive,Inactive,Inactive
2024-03-08,ATL,L (-7),Inactive,Inactive,Inactive,Inactive,Inactive,Inactive,Inactive,Inactive,Inactive
2024-03-10,OKC,L (-31),Inactive,Inactive,Inactive,Inactive,Inactive,Inactive,Inactive,Inactive,Inactive
2024-03-12,WAS,W (+12),Inactive,Inactive,Inactive,Inactive,Inactive,Inactive,Inactive,Inactive,Inactive
2024-03-13,CHO,L (-12),Inactive,Inactive,Inactive,Inactive,Inactive,Inactive,Inactive,Inactive,Inactive
2024-03-16,OKC,L (-6),Inactive,Inactive,Inactive,Inactive,Inactive,Inactive,Inactive,Inactive,Inactive
2024-03-18,SAC,L (-10),Inactive,Inactive,Inactive,Inactive,Inactive,Inactive,Inactive,Inactive,Inactive
2024-03-20,GSW,L (-21),Inactive,Inactive,Inactive,Inactive,Inactive,Inactive,Inactive,Inactive,Inactive
2024-03-22,SAS,W (+2),Inactive,Inactive,Inactive,Inactive,Inactive,Inactive,Inactive,Inactive,Inactive
2024-03-25,DEN,L (-25),Inactive,Inactive,Inactive,Inactive,Inactive,Inactive,Inactive,Inactive,Inactive
2024-03-27,LAL,L (-12),Inactive,Inactive,Inactive,Inactive,Inactive,Inactive,Inactive,Inactive,Inactive
2024-03-30,ORL,L (-30),Inactive,Inactive,Inactive,Inactive,Inactive,Inactive,Inactive,Inactive,Inactive
2024-04-01,DET,W (+2),Inactive,Inactive,Inactive,Inactive,Inactive,Inactive,Inactive,Inactive,Inactive
2024-04-03,MIL,W (+10),Inactive,Inactive,Inactive,Inactive,Inactive,Inactive,Inactive,Inactive,Inactive
2024-04-05,DET,W (+18),Inactive,Inactive,Inactive,Inactive,Inactive,Inactive,Inactive,Inactive,Inactive
2024-04-06,PHI,L (-20),Inactive,Inactive,Inactive,Inactive,Inactive,Inactive,Inactive,Inactive,Inactive
2024-04-09,SAS,L (-15),Inactive,Inactive,Inactive,Inactive,Inactive,Inactive,Inactive,Inactive,Inactive
2024-04-10,CLE,L (-12),Inactive,Inactive,Inactive,Inactive,Inactive,Inactive,Inactive,Inactive,Inactive
2024-04-12,LAL,L (-3),Inactive,Inactive,Inactive,Inactive,Inactive,Inactive,Inactive,Inactive,Inactive
2024-04-14,DEN,L (-15),Inactive,Inactive,Inactive,Inactive,Inactive,Inactive,Inactive,Inactive,Inactive
