Saison,Équipes,Ligue,Salaire
2008-09,Chicago Bulls,NBA,4822800
2009-10,Chicago Bulls,NBA,5184480
2010-11,Chicago Bulls,NBA,5546160
2011-12,Chicago Bulls,NBA,6993708
2012-13,Chicago Bulls,NBA,16402500
2013-14,Chicago Bulls,NBA,17632688
2014-15,Chicago Bulls,NBA,18862875
2015-16,Chicago Bulls,NBA,20093063
2016-17,New York Knicks,NBA,21323250
2017-18,Cleveland Cavaliers,NBA,1356709
2017-18,Utah Jazz,NBA,749761
2017-18,Minnesota Timberwolves,NBA,290951
2018-19,Minnesota Timberwolves,NBA,2176260
2019-20,Detroit Pistons,NBA,7317073
2020-21,New York Knicks,NBA,7682926
2021-22,New York Knicks,NBA,13445120
2022-23,New York Knicks,NBA,14520730
2023-24,Memphis Grizzlies,NBA,3196448
