Catégories,Valeur,Minutes jouées,Points,Rebonds totaux,Passes décisives
Minutes,40+,42.8,24.8,4.6,7.3
Minutes,30-39,35.2,20.4,3.8,6.0
Minutes,20-29,26.0,15.0,2.5,4.7
Minutes,10-19,15.5,7.1,1.7,2.3
Minutes,0-9,6.9,3.0,0.5,1.0
Opponent,Atlanta,31.4,19.0,3.7,5.5
Opponent,Boston,31.2,18.9,3.7,4.6
Opponent,"CHA, CHO",30.8,16.3,2.8,5.4
Opponent,Chicago,26.9,15.4,2.6,4.8
Opponent,Cleveland,31.7,17.3,2.5,5.9
Opponent,Dallas,30.1,15.3,3.3,4.9
Opponent,Denver,26.9,14.1,2.8,4.3
Opponent,Detroit,31.2,18.2,3.1,5.3
Opponent,Golden State,29.4,16.2,2.5,4.9
Opponent,Houston,26.7,14.4,3.4,4.9
Opponent,Indiana,31.6,17.7,3.8,5.6
Opponent,LA Clippers,31.8,19.7,3.9,6.2
Opponent,LA Lakers,31.0,19.5,3.7,5.0
Opponent,Memphis,30.3,16.9,3.9,4.9
Opponent,Miami,31.0,16.3,3.0,4.0
Opponent,Milwaukee,31.2,17.7,2.8,6.4
Opponent,Minnesota,27.2,13.5,2.8,5.4
Opponent,"BRK, NJN",31.1,16.3,3.6,4.9
Opponent,"NOH, NOP",30.4,15.8,3.0,4.9
Opponent,New York,32.2,20.7,3.5,5.3
Opponent,Oklahoma City,32.8,20.5,3.9,5.0
Opponent,Orlando,26.5,13.4,3.1,4.4
Opponent,Philadelphia,32.1,18.9,3.6,5.6
Opponent,Phoenix,31.0,19.7,3.9,4.2
Opponent,Portland,34.8,19.5,3.2,5.8
Opponent,Sacramento,29.6,17.3,3.4,6.6
Opponent,San Antonio,26.9,16.2,2.6,4.2
Opponent,Toronto,31.9,18.0,2.7,5.9
Opponent,Utah,32.3,20.6,2.7,5.9
Opponent,Washington,32.2,20.1,3.1,5.0
